{
  "regulatory_boundary": {
    "n_queries": 50,
    "ndcg": 0.5720605057289702,
    "mrr": 0.5195555555555555,
    "map": 0.5162222222222222,
    "recall_at_1": 0.4,
    "recall_at_3": 0.6,
    "recall_at_5": 0.7,
    "recall_at_10": 0.74,
    "avg_latency_ms": 272.85044502466917,
    "p50_latency_ms": 130.59783342760056,
    "p95_latency_ms": 405.1906954613513,
    "p99_latency_ms": 3178.2049727393214,
    "track_b_semantic_sim": 0.7939630246162415,
    "track_b_bertscore_f1": 0.8259162366390228,
    "track_b_concept_coverage": 0.6200000000000001,
    "track_b_composite": 0.7466264204184213,
    "track_b_avg_latency_ms": 6314.935304969549,
    "track_b_p95_latency_ms": 8155.944354389793,
    "elapsed_seconds": 347.4
  },
  "semantic": {
    "n_queries": 50,
    "ndcg": 0.7593454655622636,
    "mrr": 0.7089126984126983,
    "map": 0.6874126984126986,
    "recall_at_1": 0.56,
    "recall_at_3": 0.84,
    "recall_at_5": 0.88,
    "recall_at_10": 0.96,
    "avg_latency_ms": 122.23901998251677,
    "p50_latency_ms": 107.75970853865147,
    "p95_latency_ms": 168.77433981280774,
    "p99_latency_ms": 292.23860403988476,
    "track_b_semantic_sim": 0.8422091925144195,
    "track_b_bertscore_f1": 0.8446715641021728,
    "track_b_concept_coverage": 0.7096666666666666,
    "track_b_composite": 0.7988491410944198,
    "track_b_avg_latency_ms": 6327.196403364651,
    "track_b_p95_latency_ms": 8612.62774557108,
    "elapsed_seconds": 327.6
  },
  "hierarchical": {
    "n_queries": 50,
    "ndcg": 0.5393191255355372,
    "mrr": 0.4737460317460318,
    "map": 0.44429365079365085,
    "recall_at_1": 0.32,
    "recall_at_3": 0.6,
    "recall_at_5": 0.66,
    "recall_at_10": 0.8,
    "avg_latency_ms": 126.96817740332335,
    "p50_latency_ms": 104.08343700692058,
    "p95_latency_ms": 215.84440186852575,
    "p99_latency_ms": 351.9449719972904,
    "track_b_semantic_sim": 0.7919691741466522,
    "track_b_bertscore_f1": 0.8181263756752014,
    "track_b_concept_coverage": 0.5593333333333333,
    "track_b_composite": 0.723142961051729,
    "track_b_avg_latency_ms": 6318.563722539693,
    "track_b_p95_latency_ms": 8453.68239589734,
    "elapsed_seconds": 326.9
  }
}