{
  "results": {
    "0.1": {
      "n_queries": 50,
      "ndcg": 0.5726631375298202,
      "mrr": 0.5535,
      "map": 0.5150555555555556,
      "recall_at_1": 0.5,
      "recall_at_3": 0.56,
      "recall_at_5": 0.64,
      "recall_at_10": 0.72,
      "avg_latency_ms": 0.09987165685743093,
      "p50_latency_ms": 0.09529141243547201,
      "p95_latency_ms": 0.13076055329293013,
      "p99_latency_ms": 0.17458035843446842,
      "alpha": 0.1,
      "elapsed_seconds": 0.0
    },
    "0.2": {
      "n_queries": 50,
      "ndcg": 0.6062620604926057,
      "mrr": 0.5714999999999999,
      "map": 0.5280238095238096,
      "recall_at_1": 0.5,
      "recall_at_3": 0.6,
      "recall_at_5": 0.66,
      "recall_at_10": 0.82,
      "avg_latency_ms": 0.07703088223934174,
      "p50_latency_ms": 0.07631303742527962,
      "p95_latency_ms": 0.08511049672961235,
      "p99_latency_ms": 0.09210137650370596,
      "alpha": 0.2,
      "elapsed_seconds": 0.0
    },
    "0.3": {
      "n_queries": 50,
      "ndcg": 0.6249173611091139,
      "mrr": 0.5822698412698413,
      "map": 0.5477698412698413,
      "recall_at_1": 0.5,
      "recall_at_3": 0.6,
      "recall_at_5": 0.72,
      "recall_at_10": 0.84,
      "avg_latency_ms": 0.07505083456635475,
      "p50_latency_ms": 0.07508357521146536,
      "p95_latency_ms": 0.08135429816320539,
      "p99_latency_ms": 0.08275415049865842,
      "alpha": 0.3,
      "elapsed_seconds": 0.0
    },
    "0.4": {
      "n_queries": 50,
      "ndcg": 0.6742145870094614,
      "mrr": 0.611515873015873,
      "map": 0.5902063492063492,
      "recall_at_1": 0.48,
      "recall_at_3": 0.64,
      "recall_at_5": 0.8,
      "recall_at_10": 0.92,
      "avg_latency_ms": 0.07662918418645859,
      "p50_latency_ms": 0.07564551196992397,
      "p95_latency_ms": 0.0817105290479958,
      "p99_latency_ms": 0.10938740568235505,
      "alpha": 0.4,
      "elapsed_seconds": 0.0
    },
    "0.5": {
      "n_queries": 50,
      "ndcg": 0.6671905736409373,
      "mrr": 0.6063809523809524,
      "map": 0.5842380952380952,
      "recall_at_1": 0.46,
      "recall_at_3": 0.66,
      "recall_at_5": 0.8,
      "recall_at_10": 0.9,
      "avg_latency_ms": 0.08631160482764244,
      "p50_latency_ms": 0.07797894068062305,
      "p95_latency_ms": 0.13320621801540247,
      "p99_latency_ms": 0.2585004828870294,
      "alpha": 0.5,
      "elapsed_seconds": 0.0
    },
    "0.6": {
      "n_queries": 50,
      "ndcg": 0.6979578391918341,
      "mrr": 0.6503809523809524,
      "map": 0.6232698412698413,
      "recall_at_1": 0.52,
      "recall_at_3": 0.72,
      "recall_at_5": 0.84,
      "recall_at_10": 0.9,
      "avg_latency_ms": 0.08879262953996658,
      "p50_latency_ms": 0.07660454139113426,
      "p95_latency_ms": 0.11056655785068863,
      "p99_latency_ms": 0.35258106654509885,
      "alpha": 0.6,
      "elapsed_seconds": 0.0
    },
    "0.7": {
      "n_queries": 50,
      "ndcg": 0.6995498263771027,
      "mrr": 0.6521904761904761,
      "map": 0.6260793650793651,
      "recall_at_1": 0.54,
      "recall_at_3": 0.68,
      "recall_at_5": 0.88,
      "recall_at_10": 0.9,
      "avg_latency_ms": 0.07578244432806969,
      "p50_latency_ms": 0.07449951954185963,
      "p95_latency_ms": 0.08330808486789465,
      "p99_latency_ms": 0.09722135728225108,
      "alpha": 0.7,
      "elapsed_seconds": 0.0
    },
    "0.8": {
      "n_queries": 50,
      "ndcg": 0.6970665021080805,
      "mrr": 0.6488333333333333,
      "map": 0.6231666666666666,
      "recall_at_1": 0.54,
      "recall_at_3": 0.68,
      "recall_at_5": 0.86,
      "recall_at_10": 0.9,
      "avg_latency_ms": 0.07523905951529741,
      "p50_latency_ms": 0.0749791506677866,
      "p95_latency_ms": 0.08117668330669403,
      "p99_latency_ms": 0.08588543627411126,
      "alpha": 0.8,
      "elapsed_seconds": 0.0
    },
    "0.9": {
      "n_queries": 50,
      "ndcg": 0.6979761941275213,
      "mrr": 0.6486666666666667,
      "map": 0.6336666666666667,
      "recall_at_1": 0.54,
      "recall_at_3": 0.7,
      "recall_at_5": 0.84,
      "recall_at_10": 0.88,
      "avg_latency_ms": 0.07363667711615562,
      "p50_latency_ms": 0.07362500764429569,
      "p95_latency_ms": 0.08002514950931072,
      "p99_latency_ms": 0.08085472043603659,
      "alpha": 0.9,
      "elapsed_seconds": 0.0
    }
  },
  "best_alpha": "0.7",
  "best_ndcg": 0.6995498263771027
}