{
  "stage_1": {
    "results": {
      "dense": {
        "n_queries": 50,
        "ndcg": 0.6758907975159063,
        "mrr": 0.6191904761904762,
        "map": 0.6041904761904762,
        "recall_at_1": 0.48,
        "recall_at_3": 0.7,
        "recall_at_5": 0.8,
        "recall_at_10": 0.88,
        "avg_latency_ms": 149.76392172276974,
        "p50_latency_ms": 83.29081244301051,
        "p95_latency_ms": 114.10272914217785,
        "p99_latency_ms": 1828.9794499799543,
        "elapsed_seconds": 7.5,
        "label": "dense"
      },
      "bm25": {
        "n_queries": 50,
        "ndcg": 0.776558811281933,
        "mrr": 0.7310476190476191,
        "map": 0.7310476190476191,
        "recall_at_1": 0.64,
        "recall_at_3": 0.8,
        "recall_at_5": 0.84,
        "recall_at_10": 0.92,
        "avg_latency_ms": 64.09321500919759,
        "p50_latency_ms": 78.01306305918843,
        "p95_latency_ms": 90.36004596855491,
        "p99_latency_ms": 155.22802941733946,
        "elapsed_seconds": 3.2,
        "label": "bm25"
      },
      "splade": {
        "n_queries": 50,
        "ndcg": 0.5603006039382976,
        "mrr": 0.5351666666666667,
        "map": 0.5097222222222222,
        "recall_at_1": 0.48,
        "recall_at_3": 0.54,
        "recall_at_5": 0.58,
        "recall_at_10": 0.7,
        "avg_latency_ms": 104.24330580979586,
        "p50_latency_ms": 75.99247910548002,
        "p95_latency_ms": 127.06470810808241,
        "p99_latency_ms": 703.5496965981997,
        "elapsed_seconds": 5.2,
        "label": "splade"
      },
      "hybrid_rrf": {
        "n_queries": 50,
        "ndcg": 0.7593454655622636,
        "mrr": 0.7089126984126983,
        "map": 0.6874126984126986,
        "recall_at_1": 0.56,
        "recall_at_3": 0.84,
        "recall_at_5": 0.88,
        "recall_at_10": 0.96,
        "avg_latency_ms": 187.11615590378642,
        "p50_latency_ms": 162.65320836100727,
        "p95_latency_ms": 344.3646789877674,
        "p99_latency_ms": 535.0439426302906,
        "elapsed_seconds": 9.4,
        "label": "hybrid_rrf"
      },
      "hybrid_convex": {
        "n_queries": 50,
        "ndcg": 0.6995498263771027,
        "mrr": 0.6521904761904761,
        "map": 0.6260793650793651,
        "recall_at_1": 0.54,
        "recall_at_3": 0.68,
        "recall_at_5": 0.88,
        "recall_at_10": 0.9,
        "avg_latency_ms": 236.5348925627768,
        "p50_latency_ms": 237.9887505667284,
        "p95_latency_ms": 297.42356687784195,
        "p99_latency_ms": 301.8373081064783,
        "elapsed_seconds": 11.8,
        "label": "hybrid_convex"
      },
      "hybrid_hier": {
        "n_queries": 50,
        "ndcg": 0.7155970534744833,
        "mrr": 0.6676666666666666,
        "map": 0.6493333333333333,
        "recall_at_1": 0.56,
        "recall_at_3": 0.7,
        "recall_at_5": 0.88,
        "recall_at_10": 0.9,
        "avg_latency_ms": 243.27378505375236,
        "p50_latency_ms": 216.13816649187356,
        "p95_latency_ms": 295.10740259429434,
        "p99_latency_ms": 751.4092524559233,
        "elapsed_seconds": 12.2,
        "label": "hybrid_hier"
      }
    },
    "winner": "bm25"
  },
  "stage_2": {
    "results": {
      "none": {
        "n_queries": 50,
        "ndcg": 0.776558811281933,
        "mrr": 0.7310476190476191,
        "map": 0.7310476190476191,
        "recall_at_1": 0.64,
        "recall_at_3": 0.8,
        "recall_at_5": 0.84,
        "recall_at_10": 0.92,
        "avg_latency_ms": 58.373730797320604,
        "p50_latency_ms": 56.04979151394218,
        "p95_latency_ms": 90.27611872879788,
        "p99_latency_ms": 93.06125689763574,
        "elapsed_seconds": 2.9,
        "label": "none"
      },
      "cross_encoder": {
        "n_queries": 50,
        "ndcg": 0.7885145464238039,
        "mrr": 0.7501111111111112,
        "map": 0.7451111111111112,
        "recall_at_1": 0.66,
        "recall_at_3": 0.8,
        "recall_at_5": 0.84,
        "recall_at_10": 0.92,
        "avg_latency_ms": 402.1167115634307,
        "p50_latency_ms": 372.5491245277226,
        "p95_latency_ms": 516.9832937535829,
        "p99_latency_ms": 1517.6623821724168,
        "elapsed_seconds": 20.1,
        "label": "cross_encoder"
      },
      "monot5": {
        "error": "ValueError: Error parsing line b'\\x0e' in /Users/arjunghumman/.cache/huggingface/hub/models--castorini--monot5-base-msmarco/snapshots/891f24ce967761cac53e544481e7aeaf3c1fad80/spiece.model"
      },
      "colbert": {
        "error": "ModuleNotFoundError: No module named 'langchain.retrievers'"
      },
      "rankgpt": {
        "n_queries": 50,
        "ndcg": 0.8109048420587712,
        "mrr": 0.7828571428571429,
        "map": 0.7711904761904762,
        "recall_at_1": 0.7,
        "recall_at_3": 0.84,
        "recall_at_5": 0.88,
        "recall_at_10": 0.92,
        "avg_latency_ms": 4526.559064933099,
        "p50_latency_ms": 1990.7631044043228,
        "p95_latency_ms": 11508.547328645362,
        "p99_latency_ms": 15939.577054232359,
        "elapsed_seconds": 226.4,
        "label": "rankgpt"
      }
    },
    "winner": "rankgpt",
    "fixed_retrieval": "bm25"
  },
  "stage_3": {
    "results": {
      "none": {
        "n_queries": 50,
        "ndcg": 0.8109048420587712,
        "mrr": 0.7828571428571429,
        "map": 0.7711904761904762,
        "recall_at_1": 0.7,
        "recall_at_3": 0.84,
        "recall_at_5": 0.88,
        "recall_at_10": 0.92,
        "avg_latency_ms": 734.1245491942391,
        "p50_latency_ms": 43.661541887559,
        "p95_latency_ms": 5844.557880877982,
        "p99_latency_ms": 8818.197015940674,
        "elapsed_seconds": 36.7,
        "label": "none"
      },
      "hyde": {
        "n_queries": 50,
        "ndcg": 0.5162295745911579,
        "mrr": 0.47169047619047616,
        "map": 0.4695476190476191,
        "recall_at_1": 0.38,
        "recall_at_3": 0.52,
        "recall_at_5": 0.58,
        "recall_at_10": 0.66,
        "avg_latency_ms": 11809.111953349784,
        "p50_latency_ms": 11961.694291443564,
        "p95_latency_ms": 13861.744743946474,
        "p99_latency_ms": 14547.543665566482,
        "elapsed_seconds": 590.5,
        "label": "hyde"
      },
      "multi_query": {
        "n_queries": 50,
        "ndcg": 0.8024040449666444,
        "mrr": 0.7788888888888889,
        "map": 0.7564682539682539,
        "recall_at_1": 0.7,
        "recall_at_3": 0.82,
        "recall_at_5": 0.9,
        "recall_at_10": 0.92,
        "avg_latency_ms": 19222.666123379022,
        "p50_latency_ms": 20373.344395658933,
        "p95_latency_ms": 44943.93415161176,
        "p99_latency_ms": 52709.98849472727,
        "elapsed_seconds": 961.2,
        "label": "multi_query"
      },
      "prf": {
        "n_queries": 50,
        "ndcg": 0.8344954365785149,
        "mrr": 0.8133333333333332,
        "map": 0.8016666666666665,
        "recall_at_1": 0.74,
        "recall_at_3": 0.88,
        "recall_at_5": 0.92,
        "recall_at_10": 0.92,
        "avg_latency_ms": 428.18054331932217,
        "p50_latency_ms": 315.52541709970683,
        "p95_latency_ms": 673.0317292152902,
        "p99_latency_ms": 2700.620396214064,
        "elapsed_seconds": 21.4,
        "label": "prf"
      },
      "step_back": {
        "n_queries": 50,
        "ndcg": 0.8344954365785149,
        "mrr": 0.8133333333333332,
        "map": 0.8016666666666665,
        "recall_at_1": 0.74,
        "recall_at_3": 0.88,
        "recall_at_5": 0.92,
        "recall_at_10": 0.92,
        "avg_latency_ms": 158.50837156176567,
        "p50_latency_ms": 143.96810403559357,
        "p95_latency_ms": 282.2221020120196,
        "p99_latency_ms": 471.1024695984082,
        "elapsed_seconds": 7.9,
        "label": "step_back"
      }
    },
    "winner": "prf",
    "fixed_retrieval": "bm25",
    "fixed_reranker": "rankgpt"
  }
}