{
  "financial_statement": {
    "n_queries": 50,
    "ndcg": 0.30510851136046413,
    "mrr": 0.28055555555555556,
    "map": 0.28055555555555556,
    "recall_at_1": 0.22,
    "recall_at_3": 0.34,
    "recall_at_5": 0.36,
    "recall_at_10": 0.38,
    "avg_latency_ms": 109.24729995429516,
    "p50_latency_ms": 102.01143741142005,
    "p95_latency_ms": 138.9581063063815,
    "p99_latency_ms": 246.97471892926808,
    "track_b_semantic_sim": 0.7989673507213593,
    "track_b_bertscore_f1": 0.826128591299057,
    "track_b_concept_coverage": 0.6056666666666666,
    "track_b_composite": 0.7435875362290276,
    "track_b_avg_latency_ms": 6200.484041720629,
    "track_b_p95_latency_ms": 8011.055722949095,
    "elapsed_seconds": 320.6
  },
  "semantic": {
    "n_queries": 50,
    "ndcg": 0.5924297821121753,
    "mrr": 0.49483333333333335,
    "map": 0.49054761904761895,
    "recall_at_1": 0.28,
    "recall_at_3": 0.66,
    "recall_at_5": 0.8,
    "recall_at_10": 0.9,
    "avg_latency_ms": 145.9779641032219,
    "p50_latency_ms": 134.50685457792133,
    "p95_latency_ms": 205.9556479332968,
    "p99_latency_ms": 319.269863667432,
    "track_b_semantic_sim": 0.8285321891307831,
    "track_b_bertscore_f1": 0.8433001983165741,
    "track_b_concept_coverage": 0.7406666666666666,
    "track_b_composite": 0.8041663513713412,
    "track_b_avg_latency_ms": 6487.908717440441,
    "track_b_p95_latency_ms": 9383.71837916784,
    "elapsed_seconds": 337.1
  },
  "narrative_section": {
    "n_queries": 50,
    "ndcg": 0.5046826748017633,
    "mrr": 0.43822222222222224,
    "map": 0.43822222222222224,
    "recall_at_1": 0.32,
    "recall_at_3": 0.52,
    "recall_at_5": 0.6,
    "recall_at_10": 0.72,
    "avg_latency_ms": 130.71605242788792,
    "p50_latency_ms": 117.04616690985858,
    "p95_latency_ms": 182.24887680262327,
    "p99_latency_ms": 301.53995193541004,
    "track_b_semantic_sim": 0.8057883405685424,
    "track_b_bertscore_f1": 0.8253123080730438,
    "track_b_concept_coverage": 0.6736666666666666,
    "track_b_composite": 0.7682557717694176,
    "track_b_avg_latency_ms": 6356.245480934158,
    "track_b_p95_latency_ms": 8678.826433524953,
    "elapsed_seconds": 329.4
  }
}