{
  "results": {
    "0.1": {
      "n_queries": 50,
      "ndcg": 0.37121413605910136,
      "mrr": 0.3048333333333333,
      "map": 0.30302380952380953,
      "recall_at_1": 0.18,
      "recall_at_3": 0.38,
      "recall_at_5": 0.46,
      "recall_at_10": 0.58,
      "avg_latency_ms": 0.1353332307189703,
      "p50_latency_ms": 0.1083544921129942,
      "p95_latency_ms": 0.29138736426830286,
      "p99_latency_ms": 0.37930862745270116,
      "alpha": 0.1,
      "elapsed_seconds": 0.0
    },
    "0.2": {
      "n_queries": 50,
      "ndcg": 0.3828617692463127,
      "mrr": 0.31938888888888883,
      "map": 0.3172460317460317,
      "recall_at_1": 0.18,
      "recall_at_3": 0.44,
      "recall_at_5": 0.52,
      "recall_at_10": 0.58,
      "avg_latency_ms": 0.07789835799485445,
      "p50_latency_ms": 0.07841642946004868,
      "p95_latency_ms": 0.08398129139095545,
      "p99_latency_ms": 0.08548191515728831,
      "alpha": 0.2,
      "elapsed_seconds": 0.0
    },
    "0.3": {
      "n_queries": 50,
      "ndcg": 0.39529777947519606,
      "mrr": 0.34052380952380956,
      "map": 0.3316904761904762,
      "recall_at_1": 0.2,
      "recall_at_3": 0.48,
      "recall_at_5": 0.52,
      "recall_at_10": 0.58,
      "avg_latency_ms": 0.07848338223993778,
      "p50_latency_ms": 0.0783123541623354,
      "p95_latency_ms": 0.08372713346034288,
      "p99_latency_ms": 0.09800839005038138,
      "alpha": 0.3,
      "elapsed_seconds": 0.0
    },
    "0.4": {
      "n_queries": 50,
      "ndcg": 0.4238689633912243,
      "mrr": 0.35788888888888887,
      "map": 0.35086111111111107,
      "recall_at_1": 0.2,
      "recall_at_3": 0.52,
      "recall_at_5": 0.54,
      "recall_at_10": 0.64,
      "avg_latency_ms": 0.07929157000035048,
      "p50_latency_ms": 0.07806194480508566,
      "p95_latency_ms": 0.08435380877926946,
      "p99_latency_ms": 0.10426390683278436,
      "alpha": 0.4,
      "elapsed_seconds": 0.0
    },
    "0.5": {
      "n_queries": 50,
      "ndcg": 0.43381262370330115,
      "mrr": 0.35838095238095236,
      "map": 0.35945238095238097,
      "recall_at_1": 0.18,
      "recall_at_3": 0.54,
      "recall_at_5": 0.56,
      "recall_at_10": 0.66,
      "avg_latency_ms": 0.0764217134565115,
      "p50_latency_ms": 0.07637462113052607,
      "p95_latency_ms": 0.08191467495635152,
      "p99_latency_ms": 0.08229451486840844,
      "alpha": 0.5,
      "elapsed_seconds": 0.0
    },
    "0.6": {
      "n_queries": 50,
      "ndcg": 0.4590979901862145,
      "mrr": 0.37413492063492065,
      "map": 0.37563492063492065,
      "recall_at_1": 0.2,
      "recall_at_3": 0.52,
      "recall_at_5": 0.6,
      "recall_at_10": 0.72,
      "avg_latency_ms": 0.07893159054219723,
      "p50_latency_ms": 0.07741700392216444,
      "p95_latency_ms": 0.0921830651350319,
      "p99_latency_ms": 0.1119299186393618,
      "alpha": 0.6,
      "elapsed_seconds": 0.0
    },
    "0.7": {
      "n_queries": 50,
      "ndcg": 0.4837600230177189,
      "mrr": 0.40099206349206346,
      "map": 0.4026587301587302,
      "recall_at_1": 0.24,
      "recall_at_3": 0.52,
      "recall_at_5": 0.62,
      "recall_at_10": 0.74,
      "avg_latency_ms": 0.07709577213972807,
      "p50_latency_ms": 0.07656204979866743,
      "p95_latency_ms": 0.08310425328090787,
      "p99_latency_ms": 0.09514948353171344,
      "alpha": 0.7,
      "elapsed_seconds": 0.0
    },
    "0.8": {
      "n_queries": 50,
      "ndcg": 0.4704742149735972,
      "mrr": 0.3904365079365079,
      "map": 0.3904365079365079,
      "recall_at_1": 0.22,
      "recall_at_3": 0.52,
      "recall_at_5": 0.6,
      "recall_at_10": 0.72,
      "avg_latency_ms": 0.07679166737943888,
      "p50_latency_ms": 0.07610453758388758,
      "p95_latency_ms": 0.08649383671581742,
      "p99_latency_ms": 0.0984594062902033,
      "alpha": 0.8,
      "elapsed_seconds": 0.0
    },
    "0.9": {
      "n_queries": 50,
      "ndcg": 0.4702919392856599,
      "mrr": 0.3996349206349206,
      "map": 0.3933015873015872,
      "recall_at_1": 0.24,
      "recall_at_3": 0.56,
      "recall_at_5": 0.64,
      "recall_at_10": 0.7,
      "avg_latency_ms": 0.07564575411379337,
      "p50_latency_ms": 0.07539545185863972,
      "p95_latency_ms": 0.08085798472166061,
      "p99_latency_ms": 0.08761224104091524,
      "alpha": 0.9,
      "elapsed_seconds": 0.0
    }
  },
  "best_alpha": "0.7",
  "best_ndcg": 0.4837600230177189
}