{
  "compliance": {
    "best_alpha": "0.7",
    "best_ndcg": 0.6995498263771027,
    "by_alpha": {
      "0.1": 0.573,
      "0.2": 0.606,
      "0.3": 0.625,
      "0.4": 0.674,
      "0.5": 0.667,
      "0.6": 0.698,
      "0.7": 0.7,
      "0.8": 0.697,
      "0.9": 0.698
    }
  },
  "credit": {
    "best_alpha": "0.7",
    "best_ndcg": 0.4837600230177189,
    "by_alpha": {
      "0.1": 0.371,
      "0.2": 0.383,
      "0.3": 0.395,
      "0.4": 0.424,
      "0.5": 0.434,
      "0.6": 0.459,
      "0.7": 0.484,
      "0.8": 0.47,
      "0.9": 0.47
    }
  }
}